,Folder name,Age
0,YH2005,28.0
1,YH2020,41.0
2,OH2009,68.0
3,OH2031,67.0
4,YH2023,41.0
5,OH2013,64.0
6,OH2010,72.0
7,YH2033,23.0
8,OH2044,76.0
9,OH2032,67.0
10,OH2008,70.0
11,OH2016,75.0
12,YH2019,30.0
13,OH2006,75.0
14,YH2026,29.0
15,OH2034,46.0
16,OH2028,47.0
17,YH2041,23.0
18,OH2027,75.0
19,OH2015,74.0
20,YH2022,21.0
21,YH2036,29.0
22,YH2002,35.0
23,YH2003,26.0
24,OH2038,58.0
25,YH2029,26.0
26,YH2017,29.0
27,OH2039,53.0
28,YH2018,23.0
29,YH2025,40.0
30,YH2011,21.0
31,YH2004,23.0
32,OH2035,53.0
33,YH2037,46.0
34,YH2030,43.0
35,OS2012,80.0
36,YH2040,29.0
37,YH2042,20.0
38,YH2024,26.0
39,YH2014,29.0
40,YH2043,17.0
41,YH2021,24.0
42,YH2007,35.0
43,OH2001,99.0
44,OH0045,2023
45,OH0046,2023
46,YH0047,41
47,YH0048,25
48,YH0049,25
49,YH0050,31
